<?xml version="1.0" encoding="utf-8"?><feed xmlns="http://www.w3.org/2005/Atom" xml:lang="en"><generator uri="https://jekyllrb.com/" version="4.2.1">Jekyll</generator><link href="https://bridgoon97.github.io/feed.xml" rel="self" type="application/atom+xml" /><link href="https://bridgoon97.github.io/" rel="alternate" type="text/html" hreflang="en" /><updated>2022-08-25T15:50:14-04:00</updated><id>https://bridgoon97.github.io/feed.xml</id><title type="html">blank</title><subtitle>A simple, whitespace theme for academics. Based on [*folio](https://github.com/bogoli/-folio) design.
</subtitle></feed>